dataset	position	relative_position	side	summed	scaled	jump_p_value_ge_observed	jump_significant
arao1248_verbal	1	-5	left	2	0.2222	1.0	n
arao1248_verbal	1	-5	right	0	0.0	1.0	n
arao1248_verbal	2	-4	left	0	0.0	0.629	n
arao1248_verbal	2	-4	right	0	0.0	1.0	n
arao1248_verbal	3	-3	left	0	0.0	0.3668	n
arao1248_verbal	3	-3	right	0	0.0	1.0	n
arao1248_verbal	4	-2	left	9	1.0	0.0148	y
arao1248_verbal	4	-2	right	0	0.0	0.9382	n
arao1248_verbal	5	-1	left	0	0.0	0.9912	n
arao1248_verbal	5	-1	right	0	0.0	0.9336	n
arao1248_verbal	6	0	left	3	0.3333	0.1462	n
arao1248_verbal	6	0	right	1	0.1111	0.1322	n
arao1248_verbal	7	1	left	0	0.0	0.8698	n
arao1248_verbal	7	1	right	0	0.0	0.8948	n
arao1248_verbal	8	2	left	0	0.0	0.6278	n
arao1248_verbal	8	2	right	0	0.0	0.8792	n
arao1248_verbal	9	3	left	0	0.0	0.6882	n
arao1248_verbal	9	3	right	0	0.0	0.807	n
arao1248_verbal	10	4	left	0	0.0	0.7404	n
arao1248_verbal	10	4	right	0	0.0	0.7572	n
arao1248_verbal	11	5	left	0	0.0	0.7424	n
arao1248_verbal	11	5	right	1	0.1111	0.3214	n
arao1248_verbal	12	6	left	0	0.0	0.8098	n
arao1248_verbal	12	6	right	0	0.0	0.7992	n
arao1248_verbal	13	7	left	0	0.0	0.8772	n
arao1248_verbal	13	7	right	1	0.1111	0.39	n
arao1248_verbal	14	8	left	0	0.0	0.8726	n
arao1248_verbal	14	8	right	3	0.3333	0.3342	n
arao1248_verbal	15	9	left	0	0.0	0.934	n
arao1248_verbal	15	9	right	2	0.2222	0.6972	n
arao1248_verbal	16	10	left	0	0.0	0.9382	n
arao1248_verbal	16	10	right	2	0.2222	0.605	n
arao1248_verbal	17	11	left	0	0.0	0.9362	n
arao1248_verbal	17	11	right	4	0.4444	0.542	n
arao1248_verbal	18	12	left	0	0.0	1.0	n
arao1248_verbal	18	12	right	0	0.0	0.7248	n
ayau1235_verbal	1	-18	left	0	0.0	1.0	n
ayau1235_verbal	1	-18	right	0	0.0	1.0	n
ayau1235_verbal	2	-17	left	16	0.9412	0.2112	n
ayau1235_verbal	2	-17	right	0	0.0	1.0	n
ayau1235_verbal	3	-16	left	10	0.5882	0.5454	n
ayau1235_verbal	3	-16	right	0	0.0	0.9684	n
ayau1235_verbal	4	-15	left	0	0.0	0.8538	n
ayau1235_verbal	4	-15	right	0	0.0	0.9658	n
ayau1235_verbal	5	-14	left	0	0.0	0.5128	n
ayau1235_verbal	5	-14	right	0	0.0	0.9326	n
ayau1235_verbal	6	-13	left	6	0.3529	0.171	n
ayau1235_verbal	6	-13	right	0	0.0	0.8984	n
ayau1235_verbal	7	-12	left	0	0.0	0.8428	n
ayau1235_verbal	7	-12	right	0	0.0	0.8736	n
ayau1235_verbal	8	-11	left	0	0.0	0.6644	n
ayau1235_verbal	8	-11	right	0	0.0	0.8414	n
ayau1235_verbal	9	-10	left	0	0.0	0.652	n
ayau1235_verbal	9	-10	right	0	0.0	0.8396	n
ayau1235_verbal	10	-9	left	0	0.0	0.6484	n
ayau1235_verbal	10	-9	right	0	0.0	0.8162	n
ayau1235_verbal	11	-8	left	0	0.0	0.6888	n
ayau1235_verbal	11	-8	right	0	0.0	0.819	n
ayau1235_verbal	12	-7	left	0	0.0	0.697	n
ayau1235_verbal	12	-7	right	0	0.0	0.825	n
ayau1235_verbal	13	-6	left	4	0.2353	0.2336	n
ayau1235_verbal	13	-6	right	0	0.0	0.8172	n
ayau1235_verbal	14	-5	left	0	0.0	0.8172	n
ayau1235_verbal	14	-5	right	0	0.0	0.7546	n
ayau1235_verbal	15	-4	left	17	1.0	0.0198	y
ayau1235_verbal	15	-4	right	0	0.0	0.7226	n
ayau1235_verbal	16	-3	left	6	0.3529	0.9464	n
ayau1235_verbal	16	-3	right	0	0.0	0.7322	n
ayau1235_verbal	17	-2	left	0	0.0	0.8682	n
ayau1235_verbal	17	-2	right	0	0.0	0.7328	n
ayau1235_verbal	18	-1	left	0	0.0	0.7234	n
ayau1235_verbal	18	-1	right	0	0.0	0.7364	n
ayau1235_verbal	19	0	left	4	0.2353	0.1872	n
ayau1235_verbal	19	0	right	7	0.4118	0.129	n
ayau1235_verbal	20	1	left	0	0.0	0.8364	n
ayau1235_verbal	20	1	right	12	0.7059	0.1976	n
ayau1235_verbal	21	2	left	0	0.0	0.8262	n
ayau1235_verbal	21	2	right	6	0.3529	0.86	n
ayau1235_verbal	22	3	left	0	0.0	0.8102	n
ayau1235_verbal	22	3	right	0	0.0	0.8598	n
ayau1235_verbal	23	4	left	0	0.0	0.8184	n
ayau1235_verbal	23	4	right	0	0.0	0.7092	n
ayau1235_verbal	24	5	left	0	0.0	0.8088	n
ayau1235_verbal	24	5	right	0	0.0	0.665	n
ayau1235_verbal	25	6	left	0	0.0	0.8488	n
ayau1235_verbal	25	6	right	2	0.1176	0.3274	n
ayau1235_verbal	26	7	left	0	0.0	0.8438	n
ayau1235_verbal	26	7	right	0	0.0	0.7094	n
ayau1235_verbal	27	8	left	0	0.0	0.8636	n
ayau1235_verbal	27	8	right	0	0.0	0.686	n
ayau1235_verbal	28	9	left	0	0.0	0.9024	n
ayau1235_verbal	28	9	right	12	0.7059	0.154	n
ayau1235_verbal	29	10	left	0	0.0	0.9368	n
ayau1235_verbal	29	10	right	16	0.9412	0.349	n
ayau1235_verbal	30	11	left	0	0.0	0.9672	n
ayau1235_verbal	30	11	right	0	0.0	0.9672	n
ayau1235_verbal	31	12	left	0	0.0	0.9648	n
ayau1235_verbal	31	12	right	8	0.4706	0.346	n
cent2127_verbal	1	-1	left	0	0.0	1.0	n
cent2127_verbal	1	-1	right	0	0.0	1.0	n
cent2127_verbal	2	0	left	11	1.0	0.0102	y
cent2127_verbal	2	0	right	0	0.0	1.0	n
cent2127_verbal	3	1	left	0	0.0	0.993	n
cent2127_verbal	3	1	right	3	0.2727	0.0778	n
cent2127_verbal	4	2	left	3	0.2727	0.1178	n
cent2127_verbal	4	2	right	1	0.0909	0.9258	n
cent2127_verbal	5	3	left	0	0.0	0.8874	n
cent2127_verbal	5	3	right	0	0.0	0.9016	n
cent2127_verbal	6	4	left	0	0.0	0.6682	n
cent2127_verbal	6	4	right	0	0.0	0.9074	n
cent2127_verbal	7	5	left	0	0.0	0.658	n
cent2127_verbal	7	5	right	1	0.0909	0.1904	n
cent2127_verbal	8	6	left	0	0.0	0.6482	n
cent2127_verbal	8	6	right	0	0.0	0.839	n
cent2127_verbal	9	7	left	0	0.0	0.7226	n
cent2127_verbal	9	7	right	0	0.0	0.8184	n
cent2127_verbal	10	8	left	0	0.0	0.719	n
cent2127_verbal	10	8	right	0	0.0	0.7684	n
cent2127_verbal	11	9	left	2	0.1818	0.2098	n
cent2127_verbal	11	9	right	0	0.0	0.7672	n
cent2127_verbal	12	10	left	0	0.0	0.8696	n
cent2127_verbal	12	10	right	1	0.0909	0.2412	n
cent2127_verbal	13	11	left	0	0.0	0.7698	n
cent2127_verbal	13	11	right	0	0.0	0.808	n
cent2127_verbal	14	12	left	0	0.0	0.7702	n
cent2127_verbal	14	12	right	0	0.0	0.7114	n
cent2127_verbal	15	13	left	0	0.0	0.811	n
cent2127_verbal	15	13	right	0	0.0	0.7354	n
cent2127_verbal	16	14	left	0	0.0	0.8168	n
cent2127_verbal	16	14	right	7	0.6364	0.0188	y
cent2127_verbal	17	15	left	0	0.0	0.8142	n
cent2127_verbal	17	15	right	0	0.0	0.9884	n
cent2127_verbal	18	16	left	0	0.0	0.8952	n
cent2127_verbal	18	16	right	0	0.0	0.6792	n
cent2127_verbal	19	17	left	0	0.0	0.9112	n
cent2127_verbal	19	17	right	0	0.0	0.7454	n
cent2127_verbal	20	18	left	0	0.0	0.9004	n
cent2127_verbal	20	18	right	3	0.2727	0.2654	n
cent2127_verbal	21	19	left	0	0.0	0.9512	n
cent2127_verbal	21	19	right	0	0.0	0.793	n
chac1251_nominal	1	-3	left	4	0.3636	1.0	n
chac1251_nominal	1	-3	right	0	0.0	1.0	n
chac1251_nominal	2	-2	left	8	0.7273	0.1062	n
chac1251_nominal	2	-2	right	0	0.0	1.0	n
chac1251_nominal	3	-1	left	8	0.7273	0.4052	n
chac1251_nominal	3	-1	right	0	0.0	0.9148	n
chac1251_nominal	4	0	left	3	0.2727	0.7934	n
chac1251_nominal	4	0	right	2	0.1818	0.2258	n
chac1251_nominal	5	1	left	0	0.0	0.7066	n
chac1251_nominal	5	1	right	2	0.1818	0.772	n
chac1251_nominal	6	2	left	0	0.0	0.5896	n
chac1251_nominal	6	2	right	3	0.2727	0.3018	n
chac1251_nominal	7	3	left	0	0.0	0.5488	n
chac1251_nominal	7	3	right	0	0.0	0.8756	n
chac1251_nominal	8	4	left	0	0.0	0.7054	n
chac1251_nominal	8	4	right	1	0.0909	0.4046	n
chac1251_nominal	9	5	left	0	0.0	0.6962	n
chac1251_nominal	9	5	right	0	0.0	0.7474	n
chac1251_nominal	10	6	left	0	0.0	0.7554	n
chac1251_nominal	10	6	right	4	0.3636	0.2966	n
chac1251_nominal	11	7	left	0	0.0	0.8206	n
chac1251_nominal	11	7	right	0	0.0	0.843	n
chac1251_nominal	12	8	left	0	0.0	0.9068	n
chac1251_nominal	12	8	right	11	1.0	0.3482	n
chac1251_verbal	1	-7	left	54	0.3506	1.0	n
chac1251_verbal	1	-7	right	0	0.0	1.0	n
chac1251_verbal	2	-6	left	0	0.0	0.5834	n
chac1251_verbal	2	-6	right	0	0.0	1.0	n
chac1251_verbal	3	-5	left	0	0.0	0.3336	n
chac1251_verbal	3	-5	right	0	0.0	0.961	n
chac1251_verbal	4	-4	left	0	0.0	0.5272	n
chac1251_verbal	4	-4	right	0	0.0	0.9266	n
chac1251_verbal	5	-3	left	0	0.0	0.5296	n
chac1251_verbal	5	-3	right	0	0.0	0.8994	n
chac1251_verbal	6	-2	left	63	0.4091	0.0166	y
chac1251_verbal	6	-2	right	0	0.0	0.8252	n
chac1251_verbal	7	-1	left	154	1.0	0.0046	y
chac1251_verbal	7	-1	right	0	0.0	0.8008	n
chac1251_verbal	8	0	left	39	0.2532	0.9986	n
chac1251_verbal	8	0	right	8	0.0519	0.2	n
chac1251_verbal	9	1	left	0	0.0	0.944	n
chac1251_verbal	9	1	right	8	0.0519	0.7734	n
chac1251_verbal	10	2	left	0	0.0	0.5414	n
chac1251_verbal	10	2	right	8	0.0519	0.751	n
chac1251_verbal	11	3	left	0	0.0	0.5484	n
chac1251_verbal	11	3	right	8	0.0519	0.749	n
chac1251_verbal	12	4	left	0	0.0	0.5924	n
chac1251_verbal	12	4	right	37	0.2403	0.0702	n
chac1251_verbal	13	5	left	0	0.0	0.6104	n
chac1251_verbal	13	5	right	16	0.1039	0.8908	n
chac1251_verbal	14	6	left	0	0.0	0.6464	n
chac1251_verbal	14	6	right	0	0.0	0.8474	n
chac1251_verbal	15	7	left	0	0.0	0.6728	n
chac1251_verbal	15	7	right	0	0.0	0.6794	n
chac1251_verbal	16	8	left	0	0.0	0.6582	n
chac1251_verbal	16	8	right	13	0.0844	0.2232	n
chac1251_verbal	17	9	left	0	0.0	0.7118	n
chac1251_verbal	17	9	right	33	0.2143	0.1632	n
chac1251_verbal	18	10	left	0	0.0	0.6872	n
chac1251_verbal	18	10	right	0	0.0	0.9308	n
chac1251_verbal	19	11	left	0	0.0	0.7216	n
chac1251_verbal	19	11	right	0	0.0	0.6264	n
chac1251_verbal	20	12	left	0	0.0	0.7508	n
chac1251_verbal	20	12	right	15	0.0974	0.2352	n
chac1251_verbal	21	13	left	0	0.0	0.7468	n
chac1251_verbal	21	13	right	0	0.0	0.7912	n
chac1251_verbal	22	14	left	0	0.0	0.776	n
chac1251_verbal	22	14	right	15	0.0974	0.26	n
chac1251_verbal	23	15	left	0	0.0	0.7688	n
chac1251_verbal	23	15	right	0	0.0	0.7862	n
chac1251_verbal	24	16	left	0	0.0	0.8	n
chac1251_verbal	24	16	right	53	0.3442	0.0518	n
chac1251_verbal	25	17	left	0	0.0	0.8248	n
chac1251_verbal	25	17	right	8	0.0519	0.9274	n
chac1251_verbal	26	18	left	0	0.0	0.8944	n
chac1251_verbal	26	18	right	8	0.0519	0.528	n
chac1251_verbal	27	19	left	0	0.0	0.9342	n
chac1251_verbal	27	19	right	40	0.2597	0.281	n
chac1251_verbal	28	20	left	0	0.0	0.961	n
chac1251_verbal	28	20	right	40	0.2597	0.8038	n
cher1273_verbal	1	-11	left	10	0.4762	1.0	n
cher1273_verbal	1	-11	right	0	0.0	1.0	n
cher1273_verbal	2	-10	left	16	0.7619	0.0258	y
cher1273_verbal	2	-10	right	0	0.0	1.0	n
cher1273_verbal	3	-9	left	0	0.0	0.9646	n
cher1273_verbal	3	-9	right	0	0.0	1.0	n
cher1273_verbal	4	-8	left	8	0.381	0.1646	n
cher1273_verbal	4	-8	right	0	0.0	1.0	n
cher1273_verbal	5	-7	left	6	0.2857	0.5148	n
cher1273_verbal	5	-7	right	0	0.0	1.0	n
cher1273_verbal	6	-6	left	0	0.0	0.8246	n
cher1273_verbal	6	-6	right	0	0.0	1.0	n
cher1273_verbal	7	-5	left	6	0.2857	0.1318	n
cher1273_verbal	7	-5	right	0	0.0	1.0	n
cher1273_verbal	8	-4	left	0	0.0	0.8498	n
cher1273_verbal	8	-4	right	0	0.0	1.0	n
cher1273_verbal	9	-3	left	2	0.0952	0.277	n
cher1273_verbal	9	-3	right	0	0.0	1.0	n
cher1273_verbal	10	-2	left	0	0.0	0.754	n
cher1273_verbal	10	-2	right	0	0.0	1.0	n
cher1273_verbal	11	-1	left	4	0.1905	0.1114	n
cher1273_verbal	11	-1	right	0	0.0	0.9394	n
cher1273_verbal	12	0	left	1	0.0476	0.8692	n
cher1273_verbal	12	0	right	0	0.0	0.8324	n
cher1273_verbal	13	1	left	0	0.0	0.829	n
cher1273_verbal	13	1	right	3	0.1429	0.1378	n
cher1273_verbal	14	2	left	0	0.0	0.8082	n
cher1273_verbal	14	2	right	0	0.0	0.9224	n
cher1273_verbal	15	3	left	0	0.0	0.8124	n
cher1273_verbal	15	3	right	0	0.0	0.7772	n
cher1273_verbal	16	4	left	0	0.0	0.935	n
cher1273_verbal	16	4	right	0	0.0	0.7408	n
cher1273_verbal	17	5	left	0	0.0	1.0	n
cher1273_verbal	17	5	right	2	0.0952	0.3356	n
cher1273_verbal	18	6	left	0	0.0	1.0	n
cher1273_verbal	18	6	right	0	0.0	0.775	n
cher1273_verbal	19	7	left	0	0.0	1.0	n
cher1273_verbal	19	7	right	0	0.0	0.6642	n
cher1273_verbal	20	8	left	0	0.0	1.0	n
cher1273_verbal	20	8	right	2	0.0952	0.3974	n
cher1273_verbal	21	9	left	0	0.0	1.0	n
cher1273_verbal	21	9	right	11	0.5238	0.231	n
cher1273_verbal	22	10	left	0	0.0	1.0	n
cher1273_verbal	22	10	right	21	1.0	0.2008	n
cher1273_verbal	23	11	left	0	0.0	1.0	n
cher1273_verbal	23	11	right	6	0.2857	0.9068	n
cher1273_verbal	24	12	left	0	0.0	1.0	n
cher1273_verbal	24	12	right	8	0.381	0.8818	n
dura0000_nominal	1	-7	left	9	1.0	1.0	n
dura0000_nominal	1	-7	right	0	0.0	1.0	n
dura0000_nominal	2	-6	left	2	0.2222	0.5944	n
dura0000_nominal	2	-6	right	0	0.0	1.0	n
dura0000_nominal	3	-5	left	0	0.0	0.7136	n
dura0000_nominal	3	-5	right	0	0.0	0.9174	n
dura0000_nominal	4	-4	left	1	0.1111	0.4648	n
dura0000_nominal	4	-4	right	0	0.0	0.7826	n
dura0000_nominal	5	-3	left	0	0.0	0.5826	n
dura0000_nominal	5	-3	right	0	0.0	0.7324	n
dura0000_nominal	6	-2	left	2	0.2222	0.3006	n
dura0000_nominal	6	-2	right	0	0.0	0.7494	n
dura0000_nominal	7	-1	left	5	0.5556	0.203	n
dura0000_nominal	7	-1	right	0	0.0	0.6336	n
dura0000_nominal	8	0	left	3	0.3333	0.7722	n
dura0000_nominal	8	0	right	6	0.6667	0.0926	n
dura0000_nominal	9	1	left	0	0.0	0.8342	n
dura0000_nominal	9	1	right	1	0.1111	0.9264	n
dura0000_nominal	10	2	left	0	0.0	0.7398	n
dura0000_nominal	10	2	right	7	0.7778	0.1416	n
dura0000_nominal	11	3	left	0	0.0	0.7178	n
dura0000_nominal	11	3	right	1	0.1111	0.8994	n
dura0000_nominal	12	4	left	0	0.0	0.769	n
dura0000_nominal	12	4	right	2	0.2222	0.4434	n
dura0000_nominal	13	5	left	0	0.0	0.9184	n
dura0000_nominal	13	5	right	5	0.5556	0.802	n
dura0000_verbal	1	-16	left	87	1.0	1.0	n
dura0000_verbal	1	-16	right	0	0.0	1.0	n
dura0000_verbal	2	-15	left	19	0.2184	0.8044	n
dura0000_verbal	2	-15	right	0	0.0	1.0	n
dura0000_verbal	3	-14	left	14	0.1609	0.4684	n
dura0000_verbal	3	-14	right	0	0.0	0.9626	n
dura0000_verbal	4	-13	left	27	0.3103	0.1636	n
dura0000_verbal	4	-13	right	0	0.0	0.9678	n
dura0000_verbal	5	-12	left	3	0.0345	0.8618	n
dura0000_verbal	5	-12	right	0	0.0	0.9616	n
dura0000_verbal	6	-11	left	7	0.0805	0.3626	n
dura0000_verbal	6	-11	right	0	0.0	0.9298	n
dura0000_verbal	7	-10	left	0	0.0	0.6676	n
dura0000_verbal	7	-10	right	0	0.0	0.9296	n
dura0000_verbal	8	-9	left	0	0.0	0.5472	n
dura0000_verbal	8	-9	right	0	0.0	0.8524	n
dura0000_verbal	9	-8	left	0	0.0	0.6012	n
dura0000_verbal	9	-8	right	0	0.0	0.8456	n
dura0000_verbal	10	-7	left	0	0.0	0.5918	n
dura0000_verbal	10	-7	right	0	0.0	0.8586	n
dura0000_verbal	11	-6	left	33	0.3793	0.0288	y
dura0000_verbal	11	-6	right	0	0.0	0.7988	n
dura0000_verbal	12	-5	left	52	0.5977	0.0986	n
dura0000_verbal	12	-5	right	0	0.0	0.757	n
dura0000_verbal	13	-4	left	17	0.1954	0.9734	n
dura0000_verbal	13	-4	right	0	0.0	0.7324	n
dura0000_verbal	14	-3	left	23	0.2644	0.2612	n
dura0000_verbal	14	-3	right	0	0.0	0.745	n
dura0000_verbal	15	-2	left	0	0.0	0.9324	n
dura0000_verbal	15	-2	right	0	0.0	0.6916	n
dura0000_verbal	16	-1	left	34	0.3908	0.0242	y
dura0000_verbal	16	-1	right	0	0.0	0.621	n
dura0000_verbal	17	0	left	9	0.1034	0.9482	n
dura0000_verbal	17	0	right	51	0.5862	0.0076	y
dura0000_verbal	18	1	left	0	0.0	0.841	n
dura0000_verbal	18	1	right	17	0.1954	0.972	n
dura0000_verbal	19	2	left	0	0.0	0.7196	n
dura0000_verbal	19	2	right	3	0.0345	0.8726	n
dura0000_verbal	20	3	left	0	0.0	0.7516	n
dura0000_verbal	20	3	right	29	0.3333	0.0678	n
dura0000_verbal	21	4	left	0	0.0	0.7768	n
dura0000_verbal	21	4	right	0	0.0	0.9522	n
dura0000_verbal	22	5	left	0	0.0	0.862	n
dura0000_verbal	22	5	right	0	0.0	0.6022	n
dura0000_verbal	23	6	left	0	0.0	0.8546	n
dura0000_verbal	23	6	right	31	0.3563	0.0556	n
dura0000_verbal	24	7	left	0	0.0	0.8512	n
dura0000_verbal	24	7	right	0	0.0	0.9564	n
dura0000_verbal	25	8	left	0	0.0	0.936	n
dura0000_verbal	25	8	right	24	0.2759	0.1542	n
dura0000_verbal	26	9	left	0	0.0	0.931	n
dura0000_verbal	26	9	right	15	0.1724	0.7022	n
dura0000_verbal	27	10	left	0	0.0	0.9662	n
dura0000_verbal	27	10	right	44	0.5057	0.2168	n
dura0000_verbal	28	11	left	0	0.0	0.9664	n
dura0000_verbal	28	11	right	64	0.7356	0.3568	n
dura0000_verbal	29	12	left	0	0.0	0.966	n
dura0000_verbal	29	12	right	47	0.5402	0.9158	n
hupd1244_nominal	1	-4	left	4	0.8	1.0	n
hupd1244_nominal	1	-4	right	0	0.0	1.0	n
hupd1244_nominal	2	-3	left	0	0.0	0.6812	n
hupd1244_nominal	2	-3	right	0	0.0	1.0	n
hupd1244_nominal	3	-2	left	0	0.0	0.4688	n
hupd1244_nominal	3	-2	right	0	0.0	0.927	n
hupd1244_nominal	4	-1	left	0	0.0	0.5448	n
hupd1244_nominal	4	-1	right	0	0.0	0.9326	n
hupd1244_nominal	5	0	left	5	1.0	0.0134	y
hupd1244_nominal	5	0	right	0	0.0	0.851	n
hupd1244_nominal	6	1	left	0	0.0	0.9934	n
hupd1244_nominal	6	1	right	2	0.4	0.113	n
hupd1244_nominal	7	2	left	0	0.0	0.7844	n
hupd1244_nominal	7	2	right	0	0.0	0.9604	n
hupd1244_nominal	8	3	left	2	0.4	0.13	n
hupd1244_nominal	8	3	right	0	0.0	0.869	n
hupd1244_nominal	9	4	left	0	0.0	0.9438	n
hupd1244_nominal	9	4	right	0	0.0	0.7712	n
hupd1244_nominal	10	5	left	0	0.0	0.8702	n
hupd1244_nominal	10	5	right	0	0.0	0.7834	n
hupd1244_nominal	11	6	left	0	0.0	0.8588	n
hupd1244_nominal	11	6	right	2	0.4	0.2156	n
hupd1244_nominal	12	7	left	0	0.0	0.8662	n
hupd1244_nominal	12	7	right	2	0.4	0.6716	n
hupd1244_nominal	13	8	left	0	0.0	0.858	n
hupd1244_nominal	13	8	right	1	0.2	0.8552	n
hupd1244_nominal	14	9	left	0	0.0	0.9292	n
hupd1244_nominal	14	9	right	1	0.2	0.714	n
hupd1244_nominal	15	10	left	0	0.0	0.9276	n
hupd1244_nominal	15	10	right	3	0.6	0.6566	n
hupd1244_verbal	1	-5	left	3	0.2727	1.0	n
hupd1244_verbal	1	-5	right	0	0.0	1.0	n
hupd1244_verbal	2	-4	left	11	1.0	0.014	y
hupd1244_verbal	2	-4	right	0	0.0	1.0	n
hupd1244_verbal	3	-3	left	4	0.3636	0.8624	n
hupd1244_verbal	3	-3	right	0	0.0	1.0	n
hupd1244_verbal	4	-2	left	0	0.0	0.8872	n
hupd1244_verbal	4	-2	right	0	0.0	1.0	n
hupd1244_verbal	5	-1	left	0	0.0	0.5644	n
hupd1244_verbal	5	-1	right	0	0.0	0.9678	n
hupd1244_verbal	6	0	left	1	0.0909	0.2908	n
hupd1244_verbal	6	0	right	0	0.0	0.9672	n
hupd1244_verbal	7	1	left	3	0.2727	0.2476	n
hupd1244_verbal	7	1	right	0	0.0	0.964	n
hupd1244_verbal	8	2	left	0	0.0	0.899	n
hupd1244_verbal	8	2	right	0	0.0	0.9614	n
hupd1244_verbal	9	3	left	0	0.0	0.693	n
hupd1244_verbal	9	3	right	0	0.0	0.924	n
hupd1244_verbal	10	4	left	0	0.0	0.7388	n
hupd1244_verbal	10	4	right	6	0.5455	0.0098	y
hupd1244_verbal	11	5	left	0	0.0	0.8106	n
hupd1244_verbal	11	5	right	0	0.0	0.9958	n
hupd1244_verbal	12	6	left	0	0.0	0.8128	n
hupd1244_verbal	12	6	right	0	0.0	0.9	n
hupd1244_verbal	13	7	left	0	0.0	0.8282	n
hupd1244_verbal	13	7	right	0	0.0	0.8922	n
hupd1244_verbal	14	8	left	0	0.0	0.805	n
hupd1244_verbal	14	8	right	0	0.0	0.8918	n
hupd1244_verbal	15	9	left	0	0.0	0.8018	n
hupd1244_verbal	15	9	right	0	0.0	0.8998	n
hupd1244_verbal	16	10	left	0	0.0	0.8066	n
hupd1244_verbal	16	10	right	0	0.0	0.8524	n
hupd1244_verbal	17	11	left	0	0.0	0.8096	n
hupd1244_verbal	17	11	right	0	0.0	0.859	n
hupd1244_verbal	18	12	left	0	0.0	0.8458	n
hupd1244_verbal	18	12	right	1	0.0909	0.1866	n
hupd1244_verbal	19	13	left	0	0.0	0.8588	n
hupd1244_verbal	19	13	right	0	0.0	0.8456	n
hupd1244_verbal	20	14	left	0	0.0	0.8934	n
hupd1244_verbal	20	14	right	1	0.0909	0.1898	n
hupd1244_verbal	21	15	left	0	0.0	0.8912	n
hupd1244_verbal	21	15	right	0	0.0	0.833	n
hupd1244_verbal	22	16	left	0	0.0	0.8924	n
hupd1244_verbal	22	16	right	0	0.0	0.8114	n
hupd1244_verbal	23	17	left	0	0.0	0.899	n
hupd1244_verbal	23	17	right	0	0.0	0.8052	n
hupd1244_verbal	24	18	left	0	0.0	0.8884	n
hupd1244_verbal	24	18	right	0	0.0	0.8068	n
hupd1244_verbal	25	19	left	0	0.0	0.893	n
hupd1244_verbal	25	19	right	0	0.0	0.7668	n
hupd1244_verbal	26	20	left	0	0.0	0.929	n
hupd1244_verbal	26	20	right	5	0.4545	0.0662	n
hupd1244_verbal	27	21	left	0	0.0	0.9642	n
hupd1244_verbal	27	21	right	0	0.0	0.9548	n
hupd1244_verbal	28	22	left	0	0.0	0.9632	n
hupd1244_verbal	28	22	right	0	0.0	0.6992	n
hupd1244_verbal	29	23	left	0	0.0	0.9694	n
hupd1244_verbal	29	23	right	0	0.0	0.7426	n
hupd1244_verbal	30	24	left	0	0.0	0.9668	n
hupd1244_verbal	30	24	right	3	0.2727	0.233	n
hupd1244_verbal	31	25	left	0	0.0	1.0	n
hupd1244_verbal	31	25	right	0	0.0	0.91	n
hupd1244_verbal	32	26	left	0	0.0	1.0	n
hupd1244_verbal	32	26	right	6	0.5455	0.557	n
iyoj1235_verbal	1	-15	left	0	0.0	1.0	n
iyoj1235_verbal	1	-15	right	0	0.0	1.0	n
iyoj1235_verbal	2	-14	left	0	0.0	0.5878	n
iyoj1235_verbal	2	-14	right	0	0.0	1.0	n
iyoj1235_verbal	3	-13	left	0	0.0	0.5784	n
iyoj1235_verbal	3	-13	right	0	0.0	0.9834	n
iyoj1235_verbal	4	-12	left	9	0.0612	0.229	n
iyoj1235_verbal	4	-12	right	0	0.0	0.933	n
iyoj1235_verbal	5	-11	left	0	0.0	0.791	n
iyoj1235_verbal	5	-11	right	0	0.0	0.9336	n
iyoj1235_verbal	6	-10	left	0	0.0	0.5792	n
iyoj1235_verbal	6	-10	right	0	0.0	0.913	n
iyoj1235_verbal	7	-9	left	9	0.0612	0.2528	n
iyoj1235_verbal	7	-9	right	0	0.0	0.908	n
iyoj1235_verbal	8	-8	left	36	0.2449	0.076	n
iyoj1235_verbal	8	-8	right	0	0.0	0.8952	n
iyoj1235_verbal	9	-7	left	0	0.0	0.9646	n
iyoj1235_verbal	9	-7	right	0	0.0	0.8956	n
iyoj1235_verbal	10	-6	left	0	0.0	0.5704	n
iyoj1235_verbal	10	-6	right	0	0.0	0.8772	n
iyoj1235_verbal	11	-5	left	0	0.0	0.572	n
iyoj1235_verbal	11	-5	right	0	0.0	0.8534	n
iyoj1235_verbal	12	-4	left	0	0.0	0.5824	n
iyoj1235_verbal	12	-4	right	0	0.0	0.851	n
iyoj1235_verbal	13	-3	left	0	0.0	0.5834	n
iyoj1235_verbal	13	-3	right	0	0.0	0.8516	n
iyoj1235_verbal	14	-2	left	147	1.0	0.0	y
iyoj1235_verbal	14	-2	right	0	0.0	0.8512	n
iyoj1235_verbal	15	-1	left	7	0.0476	1.0	n
iyoj1235_verbal	15	-1	right	0	0.0	0.8536	n
iyoj1235_verbal	16	0	left	32	0.2177	0.0656	n
iyoj1235_verbal	16	0	right	14	0.0952	0.0994	n
iyoj1235_verbal	17	1	left	0	0.0	0.959	n
iyoj1235_verbal	17	1	right	0	0.0	0.9054	n
iyoj1235_verbal	18	2	left	0	0.0	0.6758	n
iyoj1235_verbal	18	2	right	29	0.1973	0.0342	y
iyoj1235_verbal	19	3	left	0	0.0	0.6752	n
iyoj1235_verbal	19	3	right	0	0.0	0.9688	n
iyoj1235_verbal	20	4	left	0	0.0	0.7104	n
iyoj1235_verbal	20	4	right	14	0.0952	0.11	n
iyoj1235_verbal	21	5	left	0	0.0	0.6808	n
iyoj1235_verbal	21	5	right	0	0.0	0.8948	n
iyoj1235_verbal	22	6	left	0	0.0	0.7146	n
iyoj1235_verbal	22	6	right	14	0.0952	0.1178	n
iyoj1235_verbal	23	7	left	0	0.0	0.7464	n
iyoj1235_verbal	23	7	right	14	0.0952	0.7844	n
iyoj1235_verbal	24	8	left	0	0.0	0.7542	n
iyoj1235_verbal	24	8	right	0	0.0	0.8928	n
iyoj1235_verbal	25	9	left	0	0.0	0.7858	n
iyoj1235_verbal	25	9	right	0	0.0	0.7636	n
iyoj1235_verbal	26	10	left	0	0.0	0.7884	n
iyoj1235_verbal	26	10	right	0	0.0	0.744	n
iyoj1235_verbal	27	11	left	0	0.0	0.7838	n
iyoj1235_verbal	27	11	right	0	0.0	0.7258	n
iyoj1235_verbal	28	12	left	0	0.0	0.7914	n
iyoj1235_verbal	28	12	right	0	0.0	0.6814	n
iyoj1235_verbal	29	13	left	0	0.0	0.7868	n
iyoj1235_verbal	29	13	right	14	0.0952	0.1512	n
iyoj1235_verbal	30	14	left	0	0.0	0.8158	n
iyoj1235_verbal	30	14	right	0	0.0	0.8584	n
iyoj1235_verbal	31	15	left	0	0.0	0.8088	n
iyoj1235_verbal	31	15	right	0	0.0	0.6932	n
iyoj1235_verbal	32	16	left	0	0.0	0.8304	n
iyoj1235_verbal	32	16	right	8	0.0544	0.2286	n
iyoj1235_verbal	33	17	left	0	0.0	0.8606	n
iyoj1235_verbal	33	17	right	0	0.0	0.803	n
iyoj1235_verbal	34	18	left	0	0.0	0.8498	n
iyoj1235_verbal	34	18	right	8	0.0544	0.2486	n
iyoj1235_verbal	35	19	left	0	0.0	0.8542	n
iyoj1235_verbal	35	19	right	0	0.0	0.7872	n
iyoj1235_verbal	36	20	left	0	0.0	0.8474	n
iyoj1235_verbal	36	20	right	0	0.0	0.5914	n
iyoj1235_verbal	37	21	left	0	0.0	0.843	n
iyoj1235_verbal	37	21	right	21	0.1429	0.112	n
iyoj1235_verbal	38	22	left	0	0.0	0.8582	n
iyoj1235_verbal	38	22	right	27	0.1837	0.3178	n
iyoj1235_verbal	39	23	left	0	0.0	0.8706	n
iyoj1235_verbal	39	23	right	27	0.1837	0.5608	n
iyoj1235_verbal	40	24	left	0	0.0	0.894	n
iyoj1235_verbal	40	24	right	36	0.2449	0.2478	n
iyoj1235_verbal	41	25	left	0	0.0	0.8942	n
iyoj1235_verbal	41	25	right	9	0.0612	0.93	n
iyoj1235_verbal	42	26	left	0	0.0	0.9222	n
iyoj1235_verbal	42	26	right	0	0.0	0.779	n
iyoj1235_verbal	43	27	left	0	0.0	0.9208	n
iyoj1235_verbal	43	27	right	0	0.0	0.568	n
iyoj1235_verbal	44	28	left	0	0.0	0.935	n
iyoj1235_verbal	44	28	right	1	0.0068	0.416	n
iyoj1235_verbal	45	29	left	0	0.0	0.9348	n
iyoj1235_verbal	45	29	right	0	0.0	0.5834	n
iyoj1235_verbal	46	30	left	0	0.0	0.9738	n
iyoj1235_verbal	46	30	right	4	0.0272	0.3402	n
kaya1330_verbal	1	-14	left	0	0.0	1.0	n
kaya1330_verbal	1	-14	right	0	0.0	1.0	n
kaya1330_verbal	2	-13	left	0	0.0	0.6816	n
kaya1330_verbal	2	-13	right	0	0.0	1.0	n
kaya1330_verbal	3	-12	left	3	0.1364	0.1868	n
kaya1330_verbal	3	-12	right	0	0.0	1.0	n
kaya1330_verbal	4	-11	left	6	0.2727	0.1762	n
kaya1330_verbal	4	-11	right	0	0.0	0.9634	n
kaya1330_verbal	5	-10	left	2	0.0909	0.9094	n
kaya1330_verbal	5	-10	right	0	0.0	0.9392	n
kaya1330_verbal	6	-9	left	0	0.0	0.8206	n
kaya1330_verbal	6	-9	right	0	0.0	0.9352	n
kaya1330_verbal	7	-8	left	0	0.0	0.6984	n
kaya1330_verbal	7	-8	right	0	0.0	0.8782	n
kaya1330_verbal	8	-7	left	0	0.0	0.6976	n
kaya1330_verbal	8	-7	right	0	0.0	0.8704	n
kaya1330_verbal	9	-6	left	4	0.1818	0.135	n
kaya1330_verbal	9	-6	right	0	0.0	0.874	n
kaya1330_verbal	10	-5	left	4	0.1818	0.6882	n
kaya1330_verbal	10	-5	right	0	0.0	0.8696	n
kaya1330_verbal	11	-4	left	2	0.0909	0.8292	n
kaya1330_verbal	11	-4	right	0	0.0	0.8776	n
kaya1330_verbal	12	-3	left	8	0.3636	0.0618	n
kaya1330_verbal	12	-3	right	0	0.0	0.81	n
kaya1330_verbal	13	-2	left	7	0.3182	0.7462	n
kaya1330_verbal	13	-2	right	0	0.0	0.7854	n
kaya1330_verbal	14	-1	left	0	0.0	0.9746	n
kaya1330_verbal	14	-1	right	0	0.0	0.759	n
kaya1330_verbal	15	0	left	0	0.0	0.6776	n
kaya1330_verbal	15	0	right	22	1.0	0.0	y
kaya1330_verbal	16	1	left	0	0.0	0.755	n
kaya1330_verbal	16	1	right	2	0.0909	0.9998	n
kaya1330_verbal	17	2	left	0	0.0	0.7504	n
kaya1330_verbal	17	2	right	0	0.0	0.8454	n
kaya1330_verbal	18	3	left	0	0.0	0.7612	n
kaya1330_verbal	18	3	right	0	0.0	0.7598	n
kaya1330_verbal	19	4	left	0	0.0	0.767	n
kaya1330_verbal	19	4	right	0	0.0	0.7844	n
kaya1330_verbal	20	5	left	0	0.0	0.766	n
kaya1330_verbal	20	5	right	0	0.0	0.6836	n
kaya1330_verbal	21	6	left	0	0.0	0.7468	n
kaya1330_verbal	21	6	right	7	0.3182	0.0348	y
kaya1330_verbal	22	7	left	0	0.0	0.783	n
kaya1330_verbal	22	7	right	5	0.2273	0.8338	n
kaya1330_verbal	23	8	left	0	0.0	0.805	n
kaya1330_verbal	23	8	right	0	0.0	0.9358	n
kaya1330_verbal	24	9	left	0	0.0	0.8754	n
kaya1330_verbal	24	9	right	0	0.0	0.6878	n
kaya1330_verbal	25	10	left	0	0.0	0.8808	n
kaya1330_verbal	25	10	right	0	0.0	0.7004	n
kaya1330_verbal	26	11	left	0	0.0	0.8698	n
kaya1330_verbal	26	11	right	0	0.0	0.6992	n
kaya1330_verbal	27	12	left	0	0.0	0.8766	n
kaya1330_verbal	27	12	right	0	0.0	0.6998	n
kaya1330_verbal	28	13	left	0	0.0	0.8684	n
kaya1330_verbal	28	13	right	0	0.0	0.6942	n
kaya1330_verbal	29	14	left	0	0.0	0.9356	n
kaya1330_verbal	29	14	right	0	0.0	0.6936	n
kaya1330_verbal	30	15	left	0	0.0	0.9376	n
kaya1330_verbal	30	15	right	0	0.0	0.6946	n
kaya1330_verbal	31	16	left	0	0.0	0.9702	n
kaya1330_verbal	31	16	right	0	0.0	0.6982	n
kaya1330_verbal	32	17	left	0	0.0	1.0	n
kaya1330_verbal	32	17	right	0	0.0	0.6956	n
kiow1266_verbal	1	-28	left	5	0.3571	1.0	n
kiow1266_verbal	1	-28	right	0	0.0	1.0	n
kiow1266_verbal	2	-27	left	0	0.0	0.2438	n
kiow1266_verbal	2	-27	right	0	0.0	1.0	n
kiow1266_verbal	3	-26	left	0	0.0	0.752	n
kiow1266_verbal	3	-26	right	0	0.0	0.9736	n
kiow1266_verbal	4	-25	left	0	0.0	0.7604	n
kiow1266_verbal	4	-25	right	0	0.0	0.9482	n
kiow1266_verbal	5	-24	left	0	0.0	0.7584	n
kiow1266_verbal	5	-24	right	0	0.0	0.925	n
kiow1266_verbal	6	-23	left	0	0.0	0.765	n
kiow1266_verbal	6	-23	right	0	0.0	0.9078	n
kiow1266_verbal	7	-22	left	0	0.0	0.76	n
kiow1266_verbal	7	-22	right	0	0.0	0.8576	n
kiow1266_verbal	8	-21	left	0	0.0	0.752	n
kiow1266_verbal	8	-21	right	0	0.0	0.8694	n
kiow1266_verbal	9	-20	left	0	0.0	0.7624	n
kiow1266_verbal	9	-20	right	0	0.0	0.8342	n
kiow1266_verbal	10	-19	left	0	0.0	0.7588	n
kiow1266_verbal	10	-19	right	0	0.0	0.8146	n
kiow1266_verbal	11	-18	left	0	0.0	0.7526	n
kiow1266_verbal	11	-18	right	0	0.0	0.8318	n
kiow1266_verbal	12	-17	left	0	0.0	0.7558	n
kiow1266_verbal	12	-17	right	0	0.0	0.8004	n
kiow1266_verbal	13	-16	left	0	0.0	0.7506	n
kiow1266_verbal	13	-16	right	0	0.0	0.7814	n
kiow1266_verbal	14	-15	left	0	0.0	0.7616	n
kiow1266_verbal	14	-15	right	0	0.0	0.7842	n
kiow1266_verbal	15	-14	left	0	0.0	0.749	n
kiow1266_verbal	15	-14	right	0	0.0	0.759	n
kiow1266_verbal	16	-13	left	0	0.0	0.7572	n
kiow1266_verbal	16	-13	right	0	0.0	0.746	n
kiow1266_verbal	17	-12	left	0	0.0	0.7548	n
kiow1266_verbal	17	-12	right	0	0.0	0.7604	n
kiow1266_verbal	18	-11	left	0	0.0	0.7582	n
kiow1266_verbal	18	-11	right	0	0.0	0.7562	n
kiow1266_verbal	19	-10	left	0	0.0	0.7564	n
kiow1266_verbal	19	-10	right	0	0.0	0.755	n
kiow1266_verbal	20	-9	left	0	0.0	0.754	n
kiow1266_verbal	20	-9	right	0	0.0	0.746	n
kiow1266_verbal	21	-8	left	0	0.0	0.7564	n
kiow1266_verbal	21	-8	right	0	0.0	0.7608	n
kiow1266_verbal	22	-7	left	0	0.0	0.7616	n
kiow1266_verbal	22	-7	right	0	0.0	0.7536	n
kiow1266_verbal	23	-6	left	5	0.3571	0.108	n
kiow1266_verbal	23	-6	right	0	0.0	0.7536	n
kiow1266_verbal	24	-5	left	0	0.0	0.909	n
kiow1266_verbal	24	-5	right	0	0.0	0.7628	n
kiow1266_verbal	25	-4	left	9	0.6429	0.031	y
kiow1266_verbal	25	-4	right	0	0.0	0.7566	n
kiow1266_verbal	26	-3	left	2	0.1429	0.9552	n
kiow1266_verbal	26	-3	right	0	0.0	0.749	n
kiow1266_verbal	27	-2	left	0	0.0	0.8042	n
kiow1266_verbal	27	-2	right	0	0.0	0.7624	n
kiow1266_verbal	28	-1	left	0	0.0	0.7814	n
kiow1266_verbal	28	-1	right	0	0.0	0.7542	n
kiow1266_verbal	29	0	left	13	0.9286	0.0098	y
kiow1266_verbal	29	0	right	0	0.0	0.7452	n
kiow1266_verbal	30	1	left	2	0.1429	0.9824	n
kiow1266_verbal	30	1	right	4	0.2857	0.1418	n
kiow1266_verbal	31	2	left	0	0.0	0.8342	n
kiow1266_verbal	31	2	right	2	0.1429	0.824	n
kiow1266_verbal	32	3	left	0	0.0	0.8228	n
kiow1266_verbal	32	3	right	0	0.0	0.8186	n
kiow1266_verbal	33	4	left	0	0.0	0.8386	n
kiow1266_verbal	33	4	right	9	0.6429	0.0394	y
kiow1266_verbal	34	5	left	0	0.0	0.8542	n
kiow1266_verbal	34	5	right	2	0.1429	0.947	n
kiow1266_verbal	35	6	left	0	0.0	0.852	n
kiow1266_verbal	35	6	right	0	0.0	0.8022	n
kiow1266_verbal	36	7	left	0	0.0	0.8988	n
kiow1266_verbal	36	7	right	14	1.0	0.0094	y
kiow1266_verbal	37	8	left	0	0.0	0.9306	n
kiow1266_verbal	37	8	right	0	0.0	0.9932	n
kiow1266_verbal	38	9	left	0	0.0	0.9462	n
kiow1266_verbal	38	9	right	0	0.0	0.7602	n
kiow1266_verbal	39	10	left	0	0.0	0.9714	n
kiow1266_verbal	39	10	right	5	0.3571	0.8132	n
mart1259_verbal	1	-17	left	0	0.0	1.0	n
mart1259_verbal	1	-17	right	0	0.0	1.0	n
mart1259_verbal	2	-16	left	2	0.3333	0.2986	n
mart1259_verbal	2	-16	right	0	0.0	1.0	n
mart1259_verbal	3	-15	left	2	0.3333	0.595	n
mart1259_verbal	3	-15	right	0	0.0	0.919	n
mart1259_verbal	4	-14	left	6	1.0	0.075	n
mart1259_verbal	4	-14	right	0	0.0	0.9016	n
mart1259_verbal	5	-13	left	0	0.0	0.9824	n
mart1259_verbal	5	-13	right	0	0.0	0.8636	n
mart1259_verbal	6	-12	left	0	0.0	0.6472	n
mart1259_verbal	6	-12	right	0	0.0	0.8658	n
mart1259_verbal	7	-11	left	0	0.0	0.7514	n
mart1259_verbal	7	-11	right	0	0.0	0.8562	n
mart1259_verbal	8	-10	left	0	0.0	0.8644	n
mart1259_verbal	8	-10	right	0	0.0	0.8678	n
mart1259_verbal	9	-9	left	0	0.0	0.8738	n
mart1259_verbal	9	-9	right	0	0.0	0.8658	n
mart1259_verbal	10	-8	left	0	0.0	0.8684	n
mart1259_verbal	10	-8	right	0	0.0	0.8724	n
mart1259_verbal	11	-7	left	0	0.0	0.861	n
mart1259_verbal	11	-7	right	0	0.0	0.8696	n
mart1259_verbal	12	-6	left	0	0.0	0.8656	n
mart1259_verbal	12	-6	right	0	0.0	0.8694	n
mart1259_verbal	13	-5	left	0	0.0	0.8626	n
mart1259_verbal	13	-5	right	0	0.0	0.8622	n
mart1259_verbal	14	-4	left	0	0.0	0.8722	n
mart1259_verbal	14	-4	right	0	0.0	0.8598	n
mart1259_verbal	15	-3	left	0	0.0	0.8638	n
mart1259_verbal	15	-3	right	0	0.0	0.8726	n
mart1259_verbal	16	-2	left	0	0.0	0.8546	n
mart1259_verbal	16	-2	right	0	0.0	0.865	n
mart1259_verbal	17	-1	left	6	1.0	0.0144	y
mart1259_verbal	17	-1	right	0	0.0	0.8558	n
mart1259_verbal	18	0	left	4	0.6667	0.9054	n
mart1259_verbal	18	0	right	2	0.3333	0.1302	n
mart1259_verbal	19	1	left	0	0.0	0.9828	n
mart1259_verbal	19	1	right	2	0.3333	0.8678	n
mart1259_verbal	20	2	left	0	0.0	0.8584	n
mart1259_verbal	20	2	right	6	1.0	0.0448	y
mart1259_verbal	21	3	left	0	0.0	0.8592	n
mart1259_verbal	21	3	right	0	0.0	0.997	n
mart1259_verbal	22	4	left	0	0.0	0.864	n
mart1259_verbal	22	4	right	0	0.0	0.8598	n
mart1259_verbal	23	5	left	0	0.0	0.8558	n
mart1259_verbal	23	5	right	0	0.0	0.7694	n
mart1259_verbal	24	6	left	0	0.0	0.8684	n
mart1259_verbal	24	6	right	0	0.0	0.7076	n
mart1259_verbal	25	7	left	0	0.0	0.8572	n
mart1259_verbal	25	7	right	6	1.0	0.0746	n
mart1259_verbal	26	8	left	0	0.0	0.895	n
mart1259_verbal	26	8	right	2	0.3333	0.9106	n
mart1259_verbal	27	9	left	0	0.0	0.9232	n
mart1259_verbal	27	9	right	2	0.3333	0.5974	n
moco1246_verbal	1	-6	left	0	0.0	1.0	n
moco1246_verbal	1	-6	right	0	0.0	1.0	n
moco1246_verbal	2	-5	left	0	0.0	0.587	n
moco1246_verbal	2	-5	right	0	0.0	1.0	n
moco1246_verbal	3	-4	left	5	0.1786	0.1782	n
moco1246_verbal	3	-4	right	0	0.0	0.95	n
moco1246_verbal	4	-3	left	9	0.3214	0.2404	n
moco1246_verbal	4	-3	right	0	0.0	0.9466	n
moco1246_verbal	5	-2	left	0	0.0	0.9452	n
moco1246_verbal	5	-2	right	0	0.0	0.9002	n
moco1246_verbal	6	-1	left	28	1.0	0.0	y
moco1246_verbal	6	-1	right	0	0.0	0.85	n
moco1246_verbal	7	0	left	3	0.1071	0.9996	n
moco1246_verbal	7	0	right	5	0.1786	0.0776	n
moco1246_verbal	8	1	left	0	0.0	0.7808	n
moco1246_verbal	8	1	right	0	0.0	0.952	n
moco1246_verbal	9	2	left	0	0.0	0.6132	n
moco1246_verbal	9	2	right	0	0.0	0.81	n
moco1246_verbal	10	3	left	0	0.0	0.6714	n
moco1246_verbal	10	3	right	0	0.0	0.757	n
moco1246_verbal	11	4	left	0	0.0	0.7032	n
moco1246_verbal	11	4	right	9	0.3214	0.0332	y
moco1246_verbal	12	5	left	0	0.0	0.7088	n
moco1246_verbal	12	5	right	0	0.0	0.9804	n
moco1246_verbal	13	6	left	0	0.0	0.7436	n
moco1246_verbal	13	6	right	0	0.0	0.693	n
moco1246_verbal	14	7	left	0	0.0	0.8102	n
moco1246_verbal	14	7	right	6	0.2143	0.134	n
moco1246_verbal	15	8	left	0	0.0	0.7882	n
moco1246_verbal	15	8	right	9	0.3214	0.296	n
moco1246_verbal	16	9	left	0	0.0	0.8048	n
moco1246_verbal	16	9	right	0	0.0	0.9534	n
moco1246_verbal	17	10	left	0	0.0	0.8436	n
moco1246_verbal	17	10	right	0	0.0	0.5532	n
moco1246_verbal	18	11	left	0	0.0	0.8972	n
moco1246_verbal	18	11	right	14	0.5	0.0186	y
moco1246_verbal	19	12	left	0	0.0	0.9498	n
moco1246_verbal	19	12	right	2	0.0714	0.9746	n
moco1246_verbal	20	13	left	0	0.0	0.9556	n
moco1246_verbal	20	13	right	0	0.0	0.7052	n
nyan1308	1	-9	left	69	0.2654	1.0	n
nyan1308	1	-9	right	0	0.0	1.0	n
nyan1308	2	-8	left	69	0.2654	0.2202	n
nyan1308	2	-8	right	0	0.0	1.0	n
nyan1308	3	-7	left	69	0.2654	0.3306	n
nyan1308	3	-7	right	0	0.0	0.917	n
nyan1308	4	-6	left	0	0.0	0.892	n
nyan1308	4	-6	right	0	0.0	0.7516	n
nyan1308	5	-5	left	260	1.0	0.001	y
nyan1308	5	-5	right	0	0.0	0.7342	n
nyan1308	6	-4	left	73	0.2808	0.9952	n
nyan1308	6	-4	right	24	0.0923	0.2204	n
nyan1308	7	-3	left	0	0.0	0.9118	n
nyan1308	7	-3	right	0	0.0	0.7876	n
nyan1308	8	-2	left	49	0.1885	0.1446	n
nyan1308	8	-2	right	24	0.0923	0.2554	n
nyan1308	9	-1	left	102	0.3923	0.1148	n
nyan1308	9	-1	right	0	0.0	0.781	n
nyan1308	10	0	left	79	0.3038	0.711	n
nyan1308	10	0	right	46	0.1769	0.1506	n
nyan1308	11	1	left	0	0.0	0.9492	n
nyan1308	11	1	right	0	0.0	0.8624	n
nyan1308	12	2	left	0	0.0	0.5364	n
nyan1308	12	2	right	0	0.0	0.5572	n
nyan1308	13	3	left	40	0.1538	0.171	n
nyan1308	13	3	right	33	0.1269	0.2164	n
nyan1308	14	4	left	0	0.0	0.829	n
nyan1308	14	4	right	0	0.0	0.8032	n
nyan1308	15	5	left	0	0.0	0.5458	n
nyan1308	15	5	right	40	0.1538	0.1944	n
nyan1308	16	6	left	0	0.0	0.6296	n
nyan1308	16	6	right	112	0.4308	0.0774	n
nyan1308	17	7	left	18	0.0692	0.243	n
nyan1308	17	7	right	117	0.45	0.4702	n
nyan1308	18	8	left	0	0.0	0.7526	n
nyan1308	18	8	right	69	0.2654	0.8452	n
nyan1308	19	9	left	0	0.0	0.7046	n
nyan1308	19	9	right	87	0.3346	0.4058	n
nyan1308	20	10	left	0	0.0	0.7348	n
nyan1308	20	10	right	0	0.0	0.9168	n
nyan1308	21	11	left	0	0.0	0.749	n
nyan1308	21	11	right	138	0.5308	0.0522	n
nyan1308	22	12	left	0	0.0	0.9018	n
nyan1308	22	12	right	138	0.5308	0.804	n
siks1238_verbal	1	-5	left	25	0.3521	1.0	n
siks1238_verbal	1	-5	right	0	0.0	1.0	n
siks1238_verbal	2	-4	left	0	0.0	0.8718	n
siks1238_verbal	2	-4	right	0	0.0	1.0	n
siks1238_verbal	3	-3	left	71	1.0	0.003	y
siks1238_verbal	3	-3	right	0	0.0	0.926	n
siks1238_verbal	4	-2	left	52	0.7324	0.8262	n
siks1238_verbal	4	-2	right	0	0.0	0.857	n
siks1238_verbal	5	-1	left	23	0.3239	0.9366	n
siks1238_verbal	5	-1	right	0	0.0	0.7382	n
siks1238_verbal	6	0	left	44	0.6197	0.0556	n
siks1238_verbal	6	0	right	8	0.1127	0.221	n
siks1238_verbal	7	1	left	0	0.0	0.9942	n
siks1238_verbal	7	1	right	39	0.5493	0.012	y
siks1238_verbal	8	2	left	0	0.0	0.5392	n
siks1238_verbal	8	2	right	6	0.0845	0.9932	n
siks1238_verbal	9	3	left	0	0.0	0.547	n
siks1238_verbal	9	3	right	33	0.4648	0.038	y
siks1238_verbal	10	4	left	0	0.0	0.5928	n
siks1238_verbal	10	4	right	0	0.0	0.988	n
siks1238_verbal	11	5	left	0	0.0	0.6774	n
siks1238_verbal	11	5	right	66	0.9296	0.0014	y
siks1238_verbal	12	6	left	0	0.0	0.7162	n
siks1238_verbal	12	6	right	0	0.0	0.9996	n
siks1238_verbal	13	7	left	0	0.0	0.8508	n
siks1238_verbal	13	7	right	48	0.6761	0.0344	y
siks1238_verbal	14	8	left	0	0.0	0.9246	n
siks1238_verbal	14	8	right	15	0.2113	0.8974	n
sout2991_verbal	1	-11	left	6	0.25	1.0	n
sout2991_verbal	1	-11	right	0	0.0	1.0	n
sout2991_verbal	2	-10	left	1	0.0417	0.237	n
sout2991_verbal	2	-10	right	0	0.0	1.0	n
sout2991_verbal	3	-9	left	0	0.0	0.5806	n
sout2991_verbal	3	-9	right	0	0.0	0.9714	n
sout2991_verbal	4	-8	left	0	0.0	0.4632	n
sout2991_verbal	4	-8	right	0	0.0	0.974	n
sout2991_verbal	5	-7	left	0	0.0	0.665	n
sout2991_verbal	5	-7	right	0	0.0	0.9568	n
sout2991_verbal	6	-6	left	0	0.0	0.6594	n
sout2991_verbal	6	-6	right	0	0.0	0.948	n
sout2991_verbal	7	-5	left	0	0.0	0.6652	n
sout2991_verbal	7	-5	right	0	0.0	0.9512	n
sout2991_verbal	8	-4	left	0	0.0	0.6708	n
sout2991_verbal	8	-4	right	0	0.0	0.9226	n
sout2991_verbal	9	-3	left	0	0.0	0.6608	n
sout2991_verbal	9	-3	right	0	0.0	0.9232	n
sout2991_verbal	10	-2	left	0	0.0	0.6682	n
sout2991_verbal	10	-2	right	0	0.0	0.928	n
sout2991_verbal	11	-1	left	0	0.0	0.6604	n
sout2991_verbal	11	-1	right	0	0.0	0.9026	n
sout2991_verbal	12	0	left	24	1.0	0.0044	y
sout2991_verbal	12	0	right	0	0.0	0.8726	n
sout2991_verbal	13	1	left	0	0.0	0.9966	n
sout2991_verbal	13	1	right	3	0.125	0.1106	n
sout2991_verbal	14	2	left	0	0.0	0.6612	n
sout2991_verbal	14	2	right	0	0.0	0.904	n
sout2991_verbal	15	3	left	0	0.0	0.662	n
sout2991_verbal	15	3	right	3	0.125	0.1496	n
sout2991_verbal	16	4	left	0	0.0	0.7494	n
sout2991_verbal	16	4	right	0	0.0	0.8796	n
sout2991_verbal	17	5	left	0	0.0	0.7434	n
sout2991_verbal	17	5	right	0	0.0	0.8204	n
sout2991_verbal	18	6	left	0	0.0	0.7654	n
sout2991_verbal	18	6	right	3	0.125	0.164	n
sout2991_verbal	19	7	left	0	0.0	0.7608	n
sout2991_verbal	19	7	right	0	0.0	0.863	n
sout2991_verbal	20	8	left	0	0.0	0.7722	n
sout2991_verbal	20	8	right	0	0.0	0.8052	n
sout2991_verbal	21	9	left	0	0.0	0.7804	n
sout2991_verbal	21	9	right	3	0.125	0.1746	n
sout2991_verbal	22	10	left	0	0.0	0.7772	n
sout2991_verbal	22	10	right	4	0.1667	0.2212	n
sout2991_verbal	23	11	left	0	0.0	0.801	n
sout2991_verbal	23	11	right	0	0.0	0.8814	n
sout2991_verbal	24	12	left	0	0.0	0.8104	n
sout2991_verbal	24	12	right	0	0.0	0.7728	n
sout2991_verbal	25	13	left	0	0.0	0.797	n
sout2991_verbal	25	13	right	2	0.0833	0.2192	n
sout2991_verbal	26	14	left	0	0.0	0.7984	n
sout2991_verbal	26	14	right	2	0.0833	0.7686	n
sout2991_verbal	27	15	left	0	0.0	0.8238	n
sout2991_verbal	27	15	right	0	0.0	0.8086	n
sout2991_verbal	28	16	left	0	0.0	0.828	n
sout2991_verbal	28	16	right	0	0.0	0.746	n
sout2991_verbal	29	17	left	0	0.0	0.8234	n
sout2991_verbal	29	17	right	4	0.1667	0.2136	n
sout2991_verbal	30	18	left	0	0.0	0.856	n
sout2991_verbal	30	18	right	0	0.0	0.8452	n
sout2991_verbal	31	19	left	0	0.0	0.8752	n
sout2991_verbal	31	19	right	0	0.0	0.6632	n
sout2991_verbal	32	20	left	0	0.0	0.873	n
sout2991_verbal	32	20	right	0	0.0	0.6738	n
sout2991_verbal	33	21	left	0	0.0	0.8788	n
sout2991_verbal	33	21	right	0	0.0	0.6564	n
sout2991_verbal	34	22	left	0	0.0	0.8974	n
sout2991_verbal	34	22	right	0	0.0	0.6644	n
sout2991_verbal	35	23	left	0	0.0	0.9284	n
sout2991_verbal	35	23	right	0	0.0	0.657	n
sout2991_verbal	36	24	left	0	0.0	0.9258	n
sout2991_verbal	36	24	right	0	0.0	0.6554	n
sout2991_verbal	37	25	left	0	0.0	0.9282	n
sout2991_verbal	37	25	right	0	0.0	0.6658	n
sout2991_verbal	38	26	left	0	0.0	0.9546	n
sout2991_verbal	38	26	right	1	0.0417	0.3364	n
sout2991_verbal	39	27	left	0	0.0	0.951	n
sout2991_verbal	39	27	right	0	0.0	0.6934	n
sout2991_verbal	40	28	left	0	0.0	0.9504	n
sout2991_verbal	40	28	right	1	0.0417	0.539	n
sout2991_verbal	41	29	left	0	0.0	0.9776	n
sout2991_verbal	41	29	right	2	0.0833	0.4394	n
sout2991_verbal	42	30	left	0	0.0	0.9732	n
sout2991_verbal	42	30	right	3	0.125	0.855	n
teot1238_nominal	1	-7	left	11	0.5789	1.0	n
teot1238_nominal	1	-7	right	0	0.0	1.0	n
teot1238_nominal	2	-6	left	0	0.0	0.7682	n
teot1238_nominal	2	-6	right	0	0.0	1.0	n
teot1238_nominal	3	-5	left	3	0.1579	0.2636	n
teot1238_nominal	3	-5	right	0	0.0	0.9008	n
teot1238_nominal	4	-4	left	0	0.0	0.7896	n
teot1238_nominal	4	-4	right	0	0.0	0.8598	n
teot1238_nominal	5	-3	left	0	0.0	0.5916	n
teot1238_nominal	5	-3	right	0	0.0	0.7734	n
teot1238_nominal	6	-2	left	19	1.0	0.0014	y
teot1238_nominal	6	-2	right	0	0.0	0.7812	n
teot1238_nominal	7	-1	left	3	0.1579	0.9962	n
teot1238_nominal	7	-1	right	0	0.0	0.788	n
teot1238_nominal	8	0	left	10	0.5263	0.0874	n
teot1238_nominal	8	0	right	6	0.3158	0.0772	n
teot1238_nominal	9	1	left	0	0.0	0.9736	n
teot1238_nominal	9	1	right	14	0.7368	0.0462	y
teot1238_nominal	10	2	left	0	0.0	0.6972	n
teot1238_nominal	10	2	right	0	0.0	0.9976	n
teot1238_nominal	11	3	left	0	0.0	0.7026	n
teot1238_nominal	11	3	right	3	0.1579	0.2224	n
teot1238_nominal	12	4	left	0	0.0	0.7082	n
teot1238_nominal	12	4	right	6	0.3158	0.2364	n
teot1238_nominal	13	5	left	0	0.0	0.7022	n
teot1238_nominal	13	5	right	0	0.0	0.9432	n
teot1238_nominal	14	6	left	0	0.0	0.752	n
teot1238_nominal	14	6	right	0	0.0	0.6128	n
teot1238_nominal	15	7	left	0	0.0	0.7438	n
teot1238_nominal	15	7	right	3	0.1579	0.282	n
teot1238_nominal	16	8	left	0	0.0	0.7712	n
teot1238_nominal	16	8	right	0	0.0	0.78	n
teot1238_nominal	17	9	left	0	0.0	0.787	n
teot1238_nominal	17	9	right	0	0.0	0.5894	n
teot1238_nominal	18	10	left	0	0.0	0.7704	n
teot1238_nominal	18	10	right	0	0.0	0.5896	n
teot1238_nominal	19	11	left	0	0.0	0.8532	n
teot1238_nominal	19	11	right	0	0.0	0.5862	n
teot1238_nominal	20	12	left	0	0.0	0.8944	n
teot1238_nominal	20	12	right	14	0.7368	0.1582	n
teot1238_verbal	1	-11	left	12	0.5455	1.0	n
teot1238_verbal	1	-11	right	0	0.0	1.0	n
teot1238_verbal	2	-10	left	0	0.0	0.8582	n
teot1238_verbal	2	-10	right	0	0.0	1.0	n
teot1238_verbal	3	-9	left	4	0.1818	0.1504	n
teot1238_verbal	3	-9	right	0	0.0	1.0	n
teot1238_verbal	4	-8	left	9	0.4091	0.106	n
teot1238_verbal	4	-8	right	0	0.0	0.9618	n
teot1238_verbal	5	-7	left	0	0.0	0.9834	n
teot1238_verbal	5	-7	right	0	0.0	0.8908	n
teot1238_verbal	6	-6	left	0	0.0	0.6694	n
teot1238_verbal	6	-6	right	0	0.0	0.8906	n
teot1238_verbal	7	-5	left	0	0.0	0.672	n
teot1238_verbal	7	-5	right	0	0.0	0.857	n
teot1238_verbal	8	-4	left	0	0.0	0.6652	n
teot1238_verbal	8	-4	right	0	0.0	0.8618	n
teot1238_verbal	9	-3	left	0	0.0	0.6708	n
teot1238_verbal	9	-3	right	0	0.0	0.8624	n
teot1238_verbal	10	-2	left	22	1.0	0.0	y
teot1238_verbal	10	-2	right	0	0.0	0.8204	n
teot1238_verbal	11	-1	left	9	0.4091	0.998	n
teot1238_verbal	11	-1	right	0	0.0	0.8288	n
teot1238_verbal	12	0	left	0	0.0	0.9892	n
teot1238_verbal	12	0	right	5	0.2273	0.0758	n
teot1238_verbal	13	1	left	0	0.0	0.698	n
teot1238_verbal	13	1	right	5	0.2273	0.7908	n
teot1238_verbal	14	2	left	0	0.0	0.7044	n
teot1238_verbal	14	2	right	11	0.5	0.058	n
teot1238_verbal	15	3	left	0	0.0	0.6862	n
teot1238_verbal	15	3	right	10	0.4545	0.7684	n
teot1238_verbal	16	4	left	0	0.0	0.725	n
teot1238_verbal	16	4	right	0	0.0	0.9926	n
teot1238_verbal	17	5	left	0	0.0	0.7596	n
teot1238_verbal	17	5	right	0	0.0	0.6846	n
teot1238_verbal	18	6	left	0	0.0	0.7838	n
teot1238_verbal	18	6	right	0	0.0	0.7102	n
teot1238_verbal	19	7	left	0	0.0	0.7852	n
teot1238_verbal	19	7	right	2	0.0909	0.297	n
teot1238_verbal	20	8	left	0	0.0	0.8284	n
teot1238_verbal	20	8	right	0	0.0	0.7986	n
teot1238_verbal	21	9	left	0	0.0	0.8254	n
teot1238_verbal	21	9	right	0	0.0	0.6576	n
teot1238_verbal	22	10	left	0	0.0	0.8664	n
teot1238_verbal	22	10	right	5	0.2273	0.1062	n
teot1238_verbal	23	11	left	0	0.0	0.8672	n
teot1238_verbal	23	11	right	3	0.1364	0.8014	n
teot1238_verbal	24	12	left	0	0.0	0.8598	n
teot1238_verbal	24	12	right	3	0.1364	0.6624	n
teot1238_verbal	25	13	left	0	0.0	0.8976	n
teot1238_verbal	25	13	right	0	0.0	0.8588	n
teot1238_verbal	26	14	left	0	0.0	0.8838	n
teot1238_verbal	26	14	right	0	0.0	0.6618	n
teot1238_verbal	27	15	left	0	0.0	0.9632	n
teot1238_verbal	27	15	right	0	0.0	0.6618	n
teot1238_verbal	28	16	left	0	0.0	1.0	n
teot1238_verbal	28	16	right	12	0.5455	0.1864	n
yucu1253_verbal	1	-9	left	7	0.4375	1.0	n
yucu1253_verbal	1	-9	right	0	0.0	1.0	n
yucu1253_verbal	2	-8	left	0	0.0	0.2348	n
yucu1253_verbal	2	-8	right	0	0.0	1.0	n
yucu1253_verbal	3	-7	left	0	0.0	0.573	n
yucu1253_verbal	3	-7	right	0	0.0	0.9484	n
yucu1253_verbal	4	-6	left	1	0.0625	0.4308	n
yucu1253_verbal	4	-6	right	0	0.0	0.9016	n
yucu1253_verbal	5	-5	left	0	0.0	0.6408	n
yucu1253_verbal	5	-5	right	0	0.0	0.85	n
yucu1253_verbal	6	-4	left	1	0.0625	0.4258	n
yucu1253_verbal	6	-4	right	0	0.0	0.8482	n
yucu1253_verbal	7	-3	left	0	0.0	0.637	n
yucu1253_verbal	7	-3	right	0	0.0	0.8594	n
yucu1253_verbal	8	-2	left	8	0.5	0.1082	n
yucu1253_verbal	8	-2	right	0	0.0	0.7752	n
yucu1253_verbal	9	-1	left	12	0.75	0.2058	n
yucu1253_verbal	9	-1	right	0	0.0	0.7118	n
yucu1253_verbal	10	0	left	16	1.0	0.2402	n
yucu1253_verbal	10	0	right	5	0.3125	0.1686	n
yucu1253_verbal	11	1	left	0	0.0	0.9876	n
yucu1253_verbal	11	1	right	0	0.0	0.8566	n
yucu1253_verbal	12	2	left	0	0.0	0.62	n
yucu1253_verbal	12	2	right	2	0.125	0.3786	n
yucu1253_verbal	13	3	left	0	0.0	0.6182	n
yucu1253_verbal	13	3	right	4	0.25	0.3264	n
yucu1253_verbal	14	4	left	0	0.0	0.617	n
yucu1253_verbal	14	4	right	0	0.0	0.8394	n
yucu1253_verbal	15	5	left	0	0.0	0.6934	n
yucu1253_verbal	15	5	right	0	0.0	0.5584	n
yucu1253_verbal	16	6	left	0	0.0	0.7606	n
yucu1253_verbal	16	6	right	6	0.375	0.169	n
yucu1253_verbal	17	7	left	0	0.0	0.8678	n
yucu1253_verbal	17	7	right	6	0.375	0.5624	n
yucu1253_verbal	18	8	left	0	0.0	0.857	n
yucu1253_verbal	18	8	right	2	0.125	0.7988	n
yucu1253_verbal	19	9	left	0	0.0	0.8606	n
yucu1253_verbal	19	9	right	2	0.125	0.5732	n
yucu1253_verbal	20	10	left	0	0.0	0.9064	n
yucu1253_verbal	20	10	right	4	0.25	0.375	n
yucu1253_verbal	21	11	left	0	0.0	0.9492	n
yucu1253_verbal	21	11	right	14	0.875	0.6442	n
zenz1235_verbal	1	-12	left	5	0.625	1.0	n
zenz1235_verbal	1	-12	right	0	0.0	1.0	n
zenz1235_verbal	2	-11	left	5	0.625	0.1486	n
zenz1235_verbal	2	-11	right	0	0.0	1.0	n
zenz1235_verbal	3	-10	left	2	0.25	0.7054	n
zenz1235_verbal	3	-10	right	0	0.0	1.0	n
zenz1235_verbal	4	-9	left	1	0.125	0.525	n
zenz1235_verbal	4	-9	right	0	0.0	1.0	n
zenz1235_verbal	5	-8	left	1	0.125	0.6296	n
zenz1235_verbal	5	-8	right	0	0.0	0.9424	n
zenz1235_verbal	6	-7	left	0	0.0	0.7242	n
zenz1235_verbal	6	-7	right	0	0.0	0.8918	n
zenz1235_verbal	7	-6	left	8	1.0	0.0246	y
zenz1235_verbal	7	-6	right	0	0.0	0.8984	n
zenz1235_verbal	8	-5	left	0	0.0	0.9828	n
zenz1235_verbal	8	-5	right	0	0.0	0.8438	n
zenz1235_verbal	9	-4	left	0	0.0	0.6092	n
zenz1235_verbal	9	-4	right	0	0.0	0.752	n
zenz1235_verbal	10	-3	left	6	0.75	0.0524	n
zenz1235_verbal	10	-3	right	0	0.0	0.7556	n
zenz1235_verbal	11	-2	left	0	0.0	0.9626	n
zenz1235_verbal	11	-2	right	0	0.0	0.73	n
zenz1235_verbal	12	-1	left	0	0.0	0.6778	n
zenz1235_verbal	12	-1	right	0	0.0	0.7086	n
zenz1235_verbal	13	0	left	1	0.125	0.241	n
zenz1235_verbal	13	0	right	8	1.0	0.0196	y
zenz1235_verbal	14	1	left	0	0.0	0.7852	n
zenz1235_verbal	14	1	right	2	0.25	0.9766	n
zenz1235_verbal	15	2	left	0	0.0	0.75	n
zenz1235_verbal	15	2	right	0	0.0	0.8228	n
zenz1235_verbal	16	3	left	0	0.0	0.854	n
zenz1235_verbal	16	3	right	3	0.375	0.1758	n
zenz1235_verbal	17	4	left	0	0.0	0.8988	n
zenz1235_verbal	17	4	right	6	0.75	0.1848	n
zenz1235_verbal	18	5	left	0	0.0	0.894	n
zenz1235_verbal	18	5	right	0	0.0	0.9638	n
zenz1235_verbal	19	6	left	0	0.0	0.9448	n
zenz1235_verbal	19	6	right	0	0.0	0.7366	n
zenz1235_verbal	20	7	left	0	0.0	1.0	n
zenz1235_verbal	20	7	right	5	0.625	0.2336	n
zenz1235_verbal	21	8	left	0	0.0	1.0	n
zenz1235_verbal	21	8	right	5	0.625	0.9012	n
